Photo,Zone A,Zone B,JND_diff,Selected_random,Model,JND_Type
Alice_21JUN22_MSPEC,a1,b1,0.565527419,Selected,DomesticDog,Color
Alice_26APR_MSPEC,a1,b1,0.817427442,Selected,DomesticDog,Color
Alice_4JUN22_MSPEC,a1,b1,0.311016257,Selected,DomesticDog,Color
Bowie_30APR_MSPEC,a1,b1,0.074230115,Selected,DomesticDog,Color
CATEST19_14JUN22_MSPEC,a1,b1,0.089315741,Selected,DomesticDog,Color
Dusty_13AUG22,a1,b1,0.200993446,Selected,DomesticDog,Color
Dusty_14JUN22_MSPEC,a1,b1,0.230136202,Selected,DomesticDog,Color
Dusty_30APR_MSPEC,a1,b1,0.030612386,Selected,DomesticDog,Color
ElCoco_10JUL22_MSPEC,a1,b1,0.260526451,Selected,DomesticDog,Color
ElCoco_10JUN22_MSPEC,a1,b1,0.62724838,Selected,DomesticDog,Color
Elcoco_14MAY22_MSPEC,a1,b1,0.069827249,Selected,DomesticDog,Color
ElCoco_19SEP22,a1,b1,0.26885374,Selected,DomesticDog,Color
ElCoco_2SEP22,a1,b1,0.495670835,Selected,DomesticDog,Color
ElCoco_6MAY22_MSPEC,a1,b1,0.412308385,Selected,DomesticDog,Color
Eliane_12APR_MSPEC,a1,b1,0.698394479,Selected,DomesticDog,Color
Eliane_19APR_MSPEC,a1,b1,0.754626965,Selected,DomesticDog,Color
Gibbard_23APR_MSPEC,a1,b1,1.443194523,Selected,DomesticDog,Color
Gibbard_30APR_MSPEC,a1,b1,0.556951541,Selected,DomesticDog,Color
Hank_14MAY22_MSPEC,a1,b1,2.236024465,Selected,DomesticDog,Color
Hank_19MAY22_MSPEC,a1,b1,0.153231785,Selected,DomesticDog,Color
Hank_30JULY22_MSPEC,a1,b1,0.252574194,Selected,DomesticDog,Color
Hank_5JUL22_MSPEC,a1,b1,0.41875262,Selected,DomesticDog,Color
Hank_9JUL22_MSPEC,a1,b1,0.153886738,Selected,DomesticDog,Color
Kurt_14MAY22_MSPEC,a1,b1,0.90310753,Selected,DomesticDog,Color
Kurt_30APR22_MSPEC,a1,b1,0.422880457,Selected,DomesticDog,Color
Kurt_7MAY22_MSPEC,a1,b1,1.090992057,Selected,DomesticDog,Color
Shakey_11JUN22_MSPEC,a1,b1,1.15990206,Selected,DomesticDog,Color
Shakey_12APR22_MSPEC,a1,b1,1.56694421,Selected,DomesticDog,Color
Shakey_25JUN22_MSPEC,a1,b1,1.791333328,Selected,DomesticDog,Color
Shakey_5APR22_MSPEC,a1,b1,0.040826533,Selected,DomesticDog,Color
Shakey_7MAY22_MSPEC,a1,b1,1.109953963,Selected,DomesticDog,Color
Shania_10JUN22_MSPEC,a1,b1,1.30435982,Selected,DomesticDog,Color
Ty_4JUN22_MSPEC,a1,b1,0.89345005,Selected,DomesticDog,Color
UnIDF_2SEP22,a1,b1,0.06017306,Selected,DomesticDog,Color
Willy_21JUN22_MSPEC,a1,b1,0.25097464,Selected,DomesticDog,Color
Willy_26APR_MSPEC,a1,b1,0.770348914,Selected,DomesticDog,Color
Willy_30APR22_MSPEC,a1,b1,0.377601385,Selected,DomesticDog,Color
Willy_4JUN22_MSPEC,a1,b1,0.560008048,Selected,DomesticDog,Color
Yvette_16APR22_MSPEC,a1,b1,0.113065271,Selected,DomesticDog,Color
Yvette_23APR_MSPEC,a1,b1,0.277556637,Selected,DomesticDog,Color
Zoe_11JUN22_MSPEC,a1,b1,1.033130114,Selected,DomesticDog,Color
Zoe_12APR_MSPEC,a1,b1,1.434086154,Selected,DomesticDog,Color
Alice_4JUN22_MSPEC,a1,a1,0.091503541,Random,DomesticDog,Color
AliceR_21JUNE_MSPEC,a1,a1,0.194630057,Random,DomesticDog,Color
AliceR_26APR_MSPEC,a1,a1,1.745177751,Random,DomesticDog,Color
Bowie_30APR_MSPEC,a1,a1,0.52557431,Random,DomesticDog,Color
CATEST19_14JUN22_MSPEC,a1,a1,0.330840798,Random,DomesticDog,Color
Dusty_14JUN22_MSPEC,a1,a1,0.399190994,Random,DomesticDog,Color
Dusty_30APR_MSPEC,a1,a1,0.110974752,Random,DomesticDog,Color
Dusty_13AUG22_R,a1,a1,0.957052019,Random,DomesticDog,Color
ElCoco_6MAY22_MSPEC,a1,a1,0.372721111,Random,DomesticDog,Color
ElCoco_10JUN22_MSPEC,a1,a1,0.125876858,Random,DomesticDog,Color
Elcoco_14MAY22_MSPEC,a1,a1,0.561519755,Random,DomesticDog,Color
ELCoco_10JULY_MSPEC,a1,a1,0.46513042,Random,DomesticDog,Color
ElCoco_19SEP22_R,a1,a1,0.0445729,Random,DomesticDog,Color
ElCoco_2SEP22_R,a1,a1,0.145263771,Random,DomesticDog,Color
Eliane_12APR_MSPEC,a1,a1,3.641631127,Random,DomesticDog,Color
Eliane_19APR_MSPEC,a1,a1,0.51871239,Random,DomesticDog,Color
Gibbard_23APR_MSPEC,a1,a1,2.984509989,Random,DomesticDog,Color
Gibbard_30APR_MSPEC,a1,a1,0.187113459,Random,DomesticDog,Color
Hank_14MAY22_MSPEC,a1,a1,0.813041484,Random,DomesticDog,Color
Hank_19MAY22_MSPEC,a1,a1,1.432722835,Random,DomesticDog,Color
Hank_5JUL22_MSPEC,a1,a1,0.076524519,Random,DomesticDog,Color
Hank_9JUL22_MSPEC,a1,a1,1.148833621,Random,DomesticDog,Color
Hank_30JULY22_MSPEC,a1,a1,0.24489962,Random,DomesticDog,Color
Kurt_7MAY22_MSPEC,a1,a1,0.779337697,Random,DomesticDog,Color
Kurt_14MAY22_MSPEC,a1,a1,3.706071219,Random,DomesticDog,Color
Kurt_30APR22_MSPEC,a1,a1,0.337697005,Random,DomesticDog,Color
Shakey_5APR22_MSPEC,a1,a1,0.591396529,Random,DomesticDog,Color
Shakey_7MAY22_MSPEC,a1,a1,0.492314366,Random,DomesticDog,Color
Shakey_11JUN22_MSPEC,a1,a1,1.517777945,Random,DomesticDog,Color
ShakeyR_12APRIL_MSPEC,a1,a1,0.208826167,Random,DomesticDog,Color
ShakeyR_25JUNE_MSPEC,a1,a1,0.867928077,Random,DomesticDog,Color
Shania_10JUN22_MSPEC,a1,a1,1.034947125,Random,DomesticDog,Color
Ty_4JUN22_MSPEC,a1,a1,3.256914818,Random,DomesticDog,Color
UnIDF_2SEP22_R,a1,a1,0.363228443,Random,DomesticDog,Color
Willy_4JUN22_MSPEC,a1,a1,0.813214994,Random,DomesticDog,Color
Willy_21JUN22_MSPEC,a1,a1,0.303755623,Random,DomesticDog,Color
Willy_26APR_MSPEC,a1,a1,0.034918745,Random,DomesticDog,Color
Willy_30APR22_MSPEC,a1,a1,1.327008017,Random,DomesticDog,Color
Yvette_16APR22_MSPEC,a1,a1,0.046375121,Random,DomesticDog,Color
Yvette_23APR_MSPEC,a1,a1,0.235055551,Random,DomesticDog,Color
Zoe_11JUN22_MSPEC,a1,a1,1.792802469,Random,DomesticDog,Color
ZoeR_12APR_MSPEC,a1,a1,0.032857569,Random,DomesticDog,Color
Alice_21JUN22_MSPEC,a1,b1,1.629491085,Selected,DomesticDog,Luminance
Alice_26APR_MSPEC,a1,b1,0.293141904,Selected,DomesticDog,Luminance
Alice_4JUN22_MSPEC,a1,b1,14.17653755,Selected,DomesticDog,Luminance
Bowie_30APR_MSPEC,a1,b1,2.566844664,Selected,DomesticDog,Luminance
CATEST19_14JUN22_MSPEC,a1,b1,8.389851531,Selected,DomesticDog,Luminance
Dusty_13AUG22,a1,b1,0.967438292,Selected,DomesticDog,Luminance
Dusty_14JUN22_MSPEC,a1,b1,8.997397021,Selected,DomesticDog,Luminance
Dusty_30APR_MSPEC,a1,b1,8.244466228,Selected,DomesticDog,Luminance
ElCoco_10JUL22_MSPEC,a1,b1,4.705487809,Selected,DomesticDog,Luminance
ElCoco_10JUN22_MSPEC,a1,b1,1.557476364,Selected,DomesticDog,Luminance
Elcoco_14MAY22_MSPEC,a1,b1,7.014187113,Selected,DomesticDog,Luminance
ElCoco_19SEP22,a1,b1,2.302625686,Selected,DomesticDog,Luminance
ElCoco_2SEP22,a1,b1,1.00056671,Selected,DomesticDog,Luminance
ElCoco_6MAY22_MSPEC,a1,b1,1.168572736,Selected,DomesticDog,Luminance
Eliane_12APR_MSPEC,a1,b1,4.302553499,Selected,DomesticDog,Luminance
Eliane_19APR_MSPEC,a1,b1,5.277136878,Selected,DomesticDog,Luminance
Gibbard_23APR_MSPEC,a1,b1,4.888470313,Selected,DomesticDog,Luminance
Gibbard_30APR_MSPEC,a1,b1,2.632931527,Selected,DomesticDog,Luminance
Hank_14MAY22_MSPEC,a1,b1,15.98665255,Selected,DomesticDog,Luminance
Hank_19MAY22_MSPEC,a1,b1,9.339583182,Selected,DomesticDog,Luminance
Hank_30JULY22_MSPEC,a1,b1,0.486341858,Selected,DomesticDog,Luminance
Hank_5JUL22_MSPEC,a1,b1,1.786234972,Selected,DomesticDog,Luminance
Hank_9JUL22_MSPEC,a1,b1,1.696579616,Selected,DomesticDog,Luminance
Kurt_14MAY22_MSPEC,a1,b1,0.551990663,Selected,DomesticDog,Luminance
Kurt_30APR22_MSPEC,a1,b1,3.275483142,Selected,DomesticDog,Luminance
Kurt_7MAY22_MSPEC,a1,b1,6.365574871,Selected,DomesticDog,Luminance
Shakey_11JUN22_MSPEC,a1,b1,0.469838778,Selected,DomesticDog,Luminance
Shakey_12APR22_MSPEC,a1,b1,8.08595968,Selected,DomesticDog,Luminance
Shakey_25JUN22_MSPEC,a1,b1,10.06458197,Selected,DomesticDog,Luminance
Shakey_5APR22_MSPEC,a1,b1,5.186852472,Selected,DomesticDog,Luminance
Shakey_7MAY22_MSPEC,a1,b1,7.266777091,Selected,DomesticDog,Luminance
Shania_10JUN22_MSPEC,a1,b1,5.648803508,Selected,DomesticDog,Luminance
Ty_4JUN22_MSPEC,a1,b1,2.089531542,Selected,DomesticDog,Luminance
UnIDF_2SEP22,a1,b1,10.45450841,Selected,DomesticDog,Luminance
Willy_21JUN22_MSPEC,a1,b1,0.080727372,Selected,DomesticDog,Luminance
Willy_26APR_MSPEC,a1,b1,4.589886825,Selected,DomesticDog,Luminance
Willy_30APR22_MSPEC,a1,b1,7.584307582,Selected,DomesticDog,Luminance
Willy_4JUN22_MSPEC,a1,b1,6.28689842,Selected,DomesticDog,Luminance
Yvette_16APR22_MSPEC,a1,b1,7.968920617,Selected,DomesticDog,Luminance
Yvette_23APR_MSPEC,a1,b1,1.36985511,Selected,DomesticDog,Luminance
Zoe_11JUN22_MSPEC,a1,b1,6.123946121,Selected,DomesticDog,Luminance
Zoe_12APR_MSPEC,a1,b1,10.62492549,Selected,DomesticDog,Luminance
Alice_4JUN22_MSPEC,a1,a1,4.573545543,Random,DomesticDog,Luminance
Alice_21JUN22_MSPEC,a1,a1,6.270544634,Random,DomesticDog,Luminance
Alice_26APR_MSPEC,a1,a1,9.868913145,Random,DomesticDog,Luminance
Bowie_30APR_MSPEC,a1,a1,20.10195738,Random,DomesticDog,Luminance
CATEST19_14JUN22_MSPEC,a1,a1,5.992028367,Random,DomesticDog,Luminance
Dusty_14JUN22_MSPEC,a1,a1,2.546861715,Random,DomesticDog,Luminance
Dusty_30APR_MSPEC,a1,a1,6.811570824,Random,DomesticDog,Luminance
Dusty_13AUG22_R,a1,a1,2.799772946,Random,DomesticDog,Luminance
ElCoco_6MAY22_MSPEC,a1,a1,11.11895595,Random,DomesticDog,Luminance
ElCoco_10JUN22_MSPEC,a1,a1,8.827483465,Random,DomesticDog,Luminance
Elcoco_14MAY22_MSPEC,a1,a1,4.229874281,Random,DomesticDog,Luminance
ELCoco_10JULY_MSPEC,a1,a1,6.882246283,Random,DomesticDog,Luminance
ElCoco_19SEP22_R,a1,a1,9.726130045,Random,DomesticDog,Luminance
ElCoco_2SEP22_R,a1,a1,1.837842595,Random,DomesticDog,Luminance
Eliane_12APR_MSPEC,a1,a1,16.44013589,Random,DomesticDog,Luminance
Eliane_19APR_MSPEC,a1,a1,0.307007883,Random,DomesticDog,Luminance
Gibbard_23APR_MSPEC,a1,a1,17.8439507,Random,DomesticDog,Luminance
Gibbard_30APR_MSPEC,a1,a1,1.165007604,Random,DomesticDog,Luminance
Hank_14MAY22_MSPEC,a1,a1,11.55610584,Random,DomesticDog,Luminance
Hank_19MAY22_MSPEC,a1,a1,7.846156666,Random,DomesticDog,Luminance
Hank_5JUL22_MSPEC,a1,a1,9.048782202,Random,DomesticDog,Luminance
Hank_9JUL22_MSPEC,a1,a1,3.568671141,Random,DomesticDog,Luminance
Hank_30JULY22_MSPEC,a1,a1,2.555436766,Random,DomesticDog,Luminance
Kurt_7MAY22_MSPEC,a1,a1,1.829097426,Random,DomesticDog,Luminance
Kurt_14MAY22_MSPEC,a1,a1,18.79280545,Random,DomesticDog,Luminance
Kurt_30APR22_MSPEC,a1,a1,12.53848022,Random,DomesticDog,Luminance
Shakey_5APR22_MSPEC,a1,a1,9.095693764,Random,DomesticDog,Luminance
Shakey_7MAY22_MSPEC,a1,a1,0.761714187,Random,DomesticDog,Luminance
Shakey_11JUN22_MSPEC,a1,a1,3.8132436,Random,DomesticDog,Luminance
Shakey_12APR22_MSPEC,a1,a1,17.67513534,Random,DomesticDog,Luminance
Shakey_25JUN22_MSPEC,a1,a1,14.95585303,Random,DomesticDog,Luminance
Shania_10JUN22_MSPEC,a1,a1,6.941921347,Random,DomesticDog,Luminance
Ty_4JUN22_MSPEC,a1,a1,19.61927531,Random,DomesticDog,Luminance
UnIDF_2SEP22_R,a1,a1,0.142370594,Random,DomesticDog,Luminance
Willy_4JUN22_MSPEC,a1,a1,1.30609476,Random,DomesticDog,Luminance
Willy_21JUN22_MSPEC,a1,a1,8.239075361,Random,DomesticDog,Luminance
Willy_26APR_MSPEC,a1,a1,0.174469932,Random,DomesticDog,Luminance
Willy_30APR22_MSPEC,a1,a1,19.1589505,Random,DomesticDog,Luminance
Yvette_16APR22_MSPEC,a1,a1,3.907726479,Random,DomesticDog,Luminance
Yvette_23APR_MSPEC,a1,a1,12.85562631,Random,DomesticDog,Luminance
Zoe_11JUN22_MSPEC,a1,a1,3.91990149,Random,DomesticDog,Luminance
Zoe_12APR_MSPEC,a1,a1,15.45044872,Random,DomesticDog,Luminance
Alice_21JUN22_MSPEC,a1,b1,0.276329789,Selected,Human,Color
Alice_26APR_MSPEC,a1,b1,0.221548736,Selected,Human,Color
Alice_4JUN22_MSPEC,a1,b1,0.377205983,Selected,Human,Color
Bowie_30APR_MSPEC,a1,b1,0.219875248,Selected,Human,Color
CATEST19_14JUN22_MSPEC,a1,b1,0.150614801,Selected,Human,Color
Dusty_13AUG22,a1,b1,0.295308157,Selected,Human,Color
Dusty_14JUN22_MSPEC,a1,b1,0.272689432,Selected,Human,Color
Dusty_30APR_MSPEC,a1,b1,0.297024656,Selected,Human,Color
ElCoco_10JUL22_MSPEC,a1,b1,0.440963947,Selected,Human,Color
ElCoco_10JUN22_MSPEC,a1,b1,0.509720375,Selected,Human,Color
Elcoco_14MAY22_MSPEC,a1,b1,0.453795381,Selected,Human,Color
ElCoco_19SEP22,a1,b1,0.279329836,Selected,Human,Color
ElCoco_2SEP22,a1,b1,0.385427172,Selected,Human,Color
ElCoco_6MAY22_MSPEC,a1,b1,0.362588943,Selected,Human,Color
Eliane_12APR_MSPEC,a1,b1,0.785525565,Selected,Human,Color
Eliane_19APR_MSPEC,a1,b1,0.863116725,Selected,Human,Color
Gibbard_23APR_MSPEC,a1,b1,1.138950063,Selected,Human,Color
Gibbard_30APR_MSPEC,a1,b1,0.587487648,Selected,Human,Color
Hank_14MAY22_MSPEC,a1,b1,0.963754317,Selected,Human,Color
Hank_19MAY22_MSPEC,a1,b1,0.207294672,Selected,Human,Color
Hank_30JULY22_MSPEC,a1,b1,0.426088591,Selected,Human,Color
Hank_5JUL22_MSPEC,a1,b1,0.398650869,Selected,Human,Color
Hank_9JUL22_MSPEC,a1,b1,0.225978204,Selected,Human,Color
Kurt_14MAY22_MSPEC,a1,b1,0.352949699,Selected,Human,Color
Kurt_30APR22_MSPEC,a1,b1,0.438818302,Selected,Human,Color
Kurt_7MAY22_MSPEC,a1,b1,1.164346344,Selected,Human,Color
Shakey_11JUN22_MSPEC,a1,b1,0.638173375,Selected,Human,Color
Shakey_12APR22_MSPEC,a1,b1,1.552388617,Selected,Human,Color
Shakey_25JUN22_MSPEC,a1,b1,1.67500931,Selected,Human,Color
Shakey_5APR22_MSPEC,a1,b1,0.214169735,Selected,Human,Color
Shakey_7MAY22_MSPEC,a1,b1,0.726846073,Selected,Human,Color
Shania_10JUN22_MSPEC,a1,b1,1.149943652,Selected,Human,Color
Ty_4JUN22_MSPEC,a1,b1,0.758853742,Selected,Human,Color
UnIDF_2SEP22,a1,b1,0.042825942,Selected,Human,Color
Willy_21JUN22_MSPEC,a1,b1,0.416849743,Selected,Human,Color
Willy_26APR_MSPEC,a1,b1,0.624779776,Selected,Human,Color
Willy_30APR22_MSPEC,a1,b1,0.643657986,Selected,Human,Color
Willy_4JUN22_MSPEC,a1,b1,0.283148758,Selected,Human,Color
Yvette_16APR22_MSPEC,a1,b1,0.112123801,Selected,Human,Color
Yvette_23APR_MSPEC,a1,b1,0.106237364,Selected,Human,Color
Zoe_11JUN22_MSPEC,a1,b1,0.937549353,Selected,Human,Color
Zoe_12APR_MSPEC,a1,b1,1.201419619,Selected,Human,Color
Alice_4JUN22_MSPEC,a1,a1,0.241447052,Random,Human,Color
Alice_21JUN22_MSPEC,a1,a1,0.587581803,Random,Human,Color
Alice_26APR_MSPEC,a1,a1,0.766594986,Random,Human,Color
Bowie_30APR_MSPEC,a1,a1,0.756386781,Random,Human,Color
CATEST19_14JUN22_MSPEC,a1,a1,0.256895581,Random,Human,Color
Dusty_14JUN22_MSPEC,a1,a1,0.065443659,Random,Human,Color
Dusty_30APR_MSPEC,a1,a1,0.177550002,Random,Human,Color
Dusty_13AUG22_R,a1,a1,1.316080947,Random,Human,Color
ElCoco_6MAY22_MSPEC,a1,a1,0.503326165,Random,Human,Color
ElCoco_10JUN22_MSPEC,a1,a1,0.159599765,Random,Human,Color
Elcoco_14MAY22_MSPEC,a1,a1,0.41608429,Random,Human,Color
ELCoco_10JULY_MSPEC,a1,a1,0.529870303,Random,Human,Color
ElCoco_19SEP22_R,a1,a1,0.081773441,Random,Human,Color
ElCoco_2SEP22_R,a1,a1,0.191089846,Random,Human,Color
Eliane_12APR_MSPEC,a1,a1,2.39370474,Random,Human,Color
Eliane_19APR_MSPEC,a1,a1,0.799086278,Random,Human,Color
Gibbard_23APR_MSPEC,a1,a1,2.904264424,Random,Human,Color
Gibbard_30APR_MSPEC,a1,a1,0.260694056,Random,Human,Color
Hank_14MAY22_MSPEC,a1,a1,0.115731801,Random,Human,Color
Hank_19MAY22_MSPEC,a1,a1,1.174824982,Random,Human,Color
Hank_5JUL22_MSPEC,a1,a1,0.104765128,Random,Human,Color
Hank_9JUL22_MSPEC,a1,a1,1.40399226,Random,Human,Color
Hank_30JULY22_MSPEC,a1,a1,0.383817782,Random,Human,Color
Kurt_7MAY22_MSPEC,a1,a1,0.816430812,Random,Human,Color
Kurt_14MAY22_MSPEC,a1,a1,3.370068556,Random,Human,Color
Kurt_30APR22_MSPEC,a1,a1,0.128009649,Random,Human,Color
Shakey_5APR22_MSPEC,a1,a1,0.449918309,Random,Human,Color
Shakey_7MAY22_MSPEC,a1,a1,0.710137309,Random,Human,Color
Shakey_11JUN22_MSPEC,a1,a1,2.043447478,Random,Human,Color
Shakey_12APR22_MSPEC,a1,a1,0.23509034,Random,Human,Color
Shakey_25JUN22_MSPEC,a1,a1,0.409737226,Random,Human,Color
Shania_10JUN22_MSPEC,a1,a1,0.580291152,Random,Human,Color
Ty_4JUN22_MSPEC,a1,a1,2.992589419,Random,Human,Color
UnIDF_2SEP22_R,a1,a1,0.158659987,Random,Human,Color
Willy_4JUN22_MSPEC,a1,a1,0.538456691,Random,Human,Color
Willy_21JUN22_MSPEC,a1,a1,1.248526373,Random,Human,Color
Willy_26APR_MSPEC,a1,a1,0.368775243,Random,Human,Color
Willy_30APR22_MSPEC,a1,a1,1.216899669,Random,Human,Color
Yvette_16APR22_MSPEC,a1,a1,0.175207602,Random,Human,Color
Yvette_23APR_MSPEC,a1,a1,0.241980508,Random,Human,Color
Zoe_11JUN22_MSPEC,a1,a1,1.472961032,Random,Human,Color
Zoe_12APR_MSPEC,a1,a1,0.487019074,Random,Human,Color
Alice_21JUN22_MSPEC,a1,b1,0.150722718,Selected,Human,Luminance
Alice_26APR_MSPEC,a1,b1,2.407398271,Selected,Human,Luminance
Alice_4JUN22_MSPEC,a1,b1,13.8734539,Selected,Human,Luminance
Bowie_30APR_MSPEC,a1,b1,3.045050363,Selected,Human,Luminance
CATEST19_14JUN22_MSPEC,a1,b1,7.41278473,Selected,Human,Luminance
Dusty_13AUG22,a1,b1,0.879173486,Selected,Human,Luminance
Dusty_14JUN22_MSPEC,a1,b1,8.976615396,Selected,Human,Luminance
Dusty_30APR_MSPEC,a1,b1,8.546593111,Selected,Human,Luminance
ElCoco_10JUL22_MSPEC,a1,b1,5.016955493,Selected,Human,Luminance
ElCoco_10JUN22_MSPEC,a1,b1,2.394738425,Selected,Human,Luminance
Elcoco_14MAY22_MSPEC,a1,b1,7.759879914,Selected,Human,Luminance
ElCoco_19SEP22,a1,b1,2.407566531,Selected,Human,Luminance
ElCoco_2SEP22,a1,b1,1.55935204,Selected,Human,Luminance
ElCoco_6MAY22_MSPEC,a1,b1,0.66573807,Selected,Human,Luminance
Eliane_12APR_MSPEC,a1,b1,4.377594903,Selected,Human,Luminance
Eliane_19APR_MSPEC,a1,b1,4.732251142,Selected,Human,Luminance
Gibbard_23APR_MSPEC,a1,b1,6.46786117,Selected,Human,Luminance
Gibbard_30APR_MSPEC,a1,b1,2.796472037,Selected,Human,Luminance
Hank_14MAY22_MSPEC,a1,b1,21.6040276,Selected,Human,Luminance
Hank_19MAY22_MSPEC,a1,b1,8.637743205,Selected,Human,Luminance
Hank_30JULY22_MSPEC,a1,b1,0.152065459,Selected,Human,Luminance
Hank_5JUL22_MSPEC,a1,b1,1.986721749,Selected,Human,Luminance
Hank_9JUL22_MSPEC,a1,b1,0.774330857,Selected,Human,Luminance
Kurt_14MAY22_MSPEC,a1,b1,2.456691347,Selected,Human,Luminance
Kurt_30APR22_MSPEC,a1,b1,3.281016464,Selected,Human,Luminance
Kurt_7MAY22_MSPEC,a1,b1,6.775451128,Selected,Human,Luminance
Shakey_11JUN22_MSPEC,a1,b1,2.134913348,Selected,Human,Luminance
Shakey_12APR22_MSPEC,a1,b1,8.6671144,Selected,Human,Luminance
Shakey_25JUN22_MSPEC,a1,b1,11.78381337,Selected,Human,Luminance
Shakey_5APR22_MSPEC,a1,b1,4.187208868,Selected,Human,Luminance
Shakey_7MAY22_MSPEC,a1,b1,4.713612811,Selected,Human,Luminance
Shania_10JUN22_MSPEC,a1,b1,3.848620653,Selected,Human,Luminance
Ty_4JUN22_MSPEC,a1,b1,2.846593253,Selected,Human,Luminance
UnIDF_2SEP22,a1,b1,10.39475427,Selected,Human,Luminance
Willy_21JUN22_MSPEC,a1,b1,0.0927268,Selected,Human,Luminance
Willy_26APR_MSPEC,a1,b1,5.168656839,Selected,Human,Luminance
Willy_30APR22_MSPEC,a1,b1,6.660954666,Selected,Human,Luminance
Willy_4JUN22_MSPEC,a1,b1,7.64695735,Selected,Human,Luminance
Yvette_16APR22_MSPEC,a1,b1,8.647808688,Selected,Human,Luminance
Yvette_23APR_MSPEC,a1,b1,2.098157891,Selected,Human,Luminance
Zoe_11JUN22_MSPEC,a1,b1,4.745626011,Selected,Human,Luminance
Zoe_12APR_MSPEC,a1,b1,12.24362275,Selected,Human,Luminance
Alice_4JUN22_MSPEC,a1,a1,4.438729189,Random,Human,Luminance
Alice_21JUN22_MSPEC,a1,a1,9.164922332,Random,Human,Luminance
Alice_26APR_MSPEC,a1,a1,14.09015749,Random,Human,Luminance
Bowie_30APR_MSPEC,a1,a1,19.89195839,Random,Human,Luminance
CATEST19_14JUN22_MSPEC,a1,a1,5.39148244,Random,Human,Luminance
Dusty_14JUN22_MSPEC,a1,a1,4.202421337,Random,Human,Luminance
Dusty_30APR_MSPEC,a1,a1,7.510867295,Random,Human,Luminance
Dusty_13AUG22_R,a1,a1,3.227718156,Random,Human,Luminance
ElCoco_6MAY22_MSPEC,a1,a1,10.76052134,Random,Human,Luminance
ElCoco_10JUN22_MSPEC,a1,a1,9.804190828,Random,Human,Luminance
Elcoco_14MAY22_MSPEC,a1,a1,4.943436813,Random,Human,Luminance
ELCoco_10JULY_MSPEC,a1,a1,6.090826302,Random,Human,Luminance
ElCoco_19SEP22_R,a1,a1,9.133649751,Random,Human,Luminance
ElCoco_2SEP22_R,a1,a1,2.162846271,Random,Human,Luminance
Eliane_12APR_MSPEC,a1,a1,22.7258541,Random,Human,Luminance
Eliane_19APR_MSPEC,a1,a1,0.326671089,Random,Human,Luminance
Gibbard_23APR_MSPEC,a1,a1,19.1750998,Random,Human,Luminance
Gibbard_30APR_MSPEC,a1,a1,1.086033044,Random,Human,Luminance
Hank_14MAY22_MSPEC,a1,a1,7.55914212,Random,Human,Luminance
Hank_19MAY22_MSPEC,a1,a1,9.34266951,Random,Human,Luminance
Hank_5JUL22_MSPEC,a1,a1,9.262664724,Random,Human,Luminance
Hank_9JUL22_MSPEC,a1,a1,3.526210929,Random,Human,Luminance
Hank_30JULY22_MSPEC,a1,a1,2.953575564,Random,Human,Luminance
Kurt_7MAY22_MSPEC,a1,a1,3.631415081,Random,Human,Luminance
Kurt_14MAY22_MSPEC,a1,a1,23.17330714,Random,Human,Luminance
Kurt_30APR22_MSPEC,a1,a1,13.57143518,Random,Human,Luminance
Shakey_5APR22_MSPEC,a1,a1,5.515127603,Random,Human,Luminance
Shakey_7MAY22_MSPEC,a1,a1,1.451463142,Random,Human,Luminance
Shakey_11JUN22_MSPEC,a1,a1,3.816319024,Random,Human,Luminance
Shakey_12APR22_MSPEC,a1,a1,15.81916974,Random,Human,Luminance
Shakey_25JUN22_MSPEC,a1,a1,16.71920161,Random,Human,Luminance
Shania_10JUN22_MSPEC,a1,a1,9.271525814,Random,Human,Luminance
Ty_4JUN22_MSPEC,a1,a1,21.55007875,Random,Human,Luminance
UnIDF_2SEP22_R,a1,a1,1.375454526,Random,Human,Luminance
Willy_4JUN22_MSPEC,a1,a1,0.728794476,Random,Human,Luminance
Willy_21JUN22_MSPEC,a1,a1,10.46635654,Random,Human,Luminance
Willy_26APR_MSPEC,a1,a1,0.566102754,Random,Human,Luminance
Willy_30APR22_MSPEC,a1,a1,20.20528453,Random,Human,Luminance
Yvette_16APR22_MSPEC,a1,a1,3.319429781,Random,Human,Luminance
Yvette_23APR_MSPEC,a1,a1,14.42629507,Random,Human,Luminance
Zoe_11JUN22_MSPEC,a1,a1,6.350050197,Random,Human,Luminance
Zoe_12APR_MSPEC,a1,a1,16.80550795,Random,Human,Luminance
Alice_21JUN22_MSPEC,a1,b1,1.643070324,Selected,Peafowl,Color
Alice_26APR_MSPEC,a1,b1,1.870504723,Selected,Peafowl,Color
Alice_4JUN22_MSPEC,a1,b1,2.250305291,Selected,Peafowl,Color
Bowie_30APR_MSPEC,a1,b1,0.556361958,Selected,Peafowl,Color
CATEST19_14JUN22_MSPEC,a1,b1,0.464517011,Selected,Peafowl,Color
Dusty_13AUG22,a1,b1,1.085483919,Selected,Peafowl,Color
Dusty_14JUN22_MSPEC,a1,b1,1.332270586,Selected,Peafowl,Color
Dusty_30APR_MSPEC,a1,b1,1.338694278,Selected,Peafowl,Color
ElCoco_10JUL22_MSPEC,a1,b1,1.387977391,Selected,Peafowl,Color
ElCoco_10JUN22_MSPEC,a1,b1,1.678018576,Selected,Peafowl,Color
Elcoco_14MAY22_MSPEC,a1,b1,1.773002803,Selected,Peafowl,Color
ElCoco_19SEP22,a1,b1,0.938135092,Selected,Peafowl,Color
ElCoco_2SEP22,a1,b1,1.129303084,Selected,Peafowl,Color
ElCoco_6MAY22_MSPEC,a1,b1,1.262131493,Selected,Peafowl,Color
Eliane_12APR_MSPEC,a1,b1,2.477634081,Selected,Peafowl,Color
Eliane_19APR_MSPEC,a1,b1,3.160952988,Selected,Peafowl,Color
Gibbard_23APR_MSPEC,a1,b1,3.633514539,Selected,Peafowl,Color
Gibbard_30APR_MSPEC,a1,b1,1.676616801,Selected,Peafowl,Color
Hank_14MAY22_MSPEC,a1,b1,4.845217557,Selected,Peafowl,Color
Hank_19MAY22_MSPEC,a1,b1,1.627161493,Selected,Peafowl,Color
Hank_30JULY22_MSPEC,a1,b1,1.820329662,Selected,Peafowl,Color
Hank_5JUL22_MSPEC,a1,b1,1.06339503,Selected,Peafowl,Color
Hank_9JUL22_MSPEC,a1,b1,0.893928341,Selected,Peafowl,Color
Kurt_14MAY22_MSPEC,a1,b1,2.770335951,Selected,Peafowl,Color
Kurt_30APR22_MSPEC,a1,b1,0.947250061,Selected,Peafowl,Color
Kurt_7MAY22_MSPEC,a1,b1,3.442939503,Selected,Peafowl,Color
Shakey_11JUN22_MSPEC,a1,b1,2.662020169,Selected,Peafowl,Color
Shakey_12APR22_MSPEC,a1,b1,4.576798495,Selected,Peafowl,Color
Shakey_25JUN22_MSPEC,a1,b1,6.10121219,Selected,Peafowl,Color
Shakey_5APR22_MSPEC,a1,b1,0.246941317,Selected,Peafowl,Color
Shakey_7MAY22_MSPEC,a1,b1,3.240646887,Selected,Peafowl,Color
Shania_10JUN22_MSPEC,a1,b1,4.266670656,Selected,Peafowl,Color
Ty_4JUN22_MSPEC,a1,b1,2.157600134,Selected,Peafowl,Color
UnIDF_2SEP22,a1,b1,1.052649881,Selected,Peafowl,Color
Willy_21JUN22_MSPEC,a1,b1,1.585357446,Selected,Peafowl,Color
Willy_26APR_MSPEC,a1,b1,1.603558391,Selected,Peafowl,Color
Willy_30APR22_MSPEC,a1,b1,1.575660566,Selected,Peafowl,Color
Willy_4JUN22_MSPEC,a1,b1,1.593049181,Selected,Peafowl,Color
Yvette_16APR22_MSPEC,a1,b1,0.711704326,Selected,Peafowl,Color
Yvette_23APR_MSPEC,a1,b1,0.615817129,Selected,Peafowl,Color
Zoe_11JUN22_MSPEC,a1,b1,3.385024571,Selected,Peafowl,Color
Zoe_12APR_MSPEC,a1,b1,4.121509152,Selected,Peafowl,Color
Alice_4JUN22_MSPEC,a1,a1,0.559784368,Random,Peafowl,Color
Alice_21JUN22_MSPEC,a1,a1,1.907026427,Random,Peafowl,Color
Alice_26APR_MSPEC,a1,a1,3.821564434,Random,Peafowl,Color
Bowie_30APR_MSPEC,a1,a1,3.433585064,Random,Peafowl,Color
CATEST19_14JUN22_MSPEC,a1,a1,1.053452726,Random,Peafowl,Color
Dusty_14JUN22_MSPEC,a1,a1,0.919843331,Random,Peafowl,Color
Dusty_30APR_MSPEC,a1,a1,0.991526566,Random,Peafowl,Color
Dusty_13AUG22_R,a1,a1,3.951731609,Random,Peafowl,Color
ElCoco_6MAY22_MSPEC,a1,a1,1.944568366,Random,Peafowl,Color
ElCoco_10JUN22_MSPEC,a1,a1,1.125815359,Random,Peafowl,Color
Elcoco_14MAY22_MSPEC,a1,a1,1.122678203,Random,Peafowl,Color
ELCoco_10JULY_MSPEC,a1,a1,2.168735061,Random,Peafowl,Color
ElCoco_19SEP22_R,a1,a1,1.233544977,Random,Peafowl,Color
ElCoco_2SEP22_R,a1,a1,0.863485174,Random,Peafowl,Color
Eliane_12APR_MSPEC,a1,a1,9.060713725,Random,Peafowl,Color
Eliane_19APR_MSPEC,a1,a1,2.236863806,Random,Peafowl,Color
Gibbard_23APR_MSPEC,a1,a1,8.320518407,Random,Peafowl,Color
Gibbard_30APR_MSPEC,a1,a1,0.870973402,Random,Peafowl,Color
Hank_14MAY22_MSPEC,a1,a1,1.567568833,Random,Peafowl,Color
Hank_19MAY22_MSPEC,a1,a1,3.580505633,Random,Peafowl,Color
Hank_5JUL22_MSPEC,a1,a1,0.866434241,Random,Peafowl,Color
Hank_9JUL22_MSPEC,a1,a1,4.450094344,Random,Peafowl,Color
Hank_30JULY22_MSPEC,a1,a1,1.006925749,Random,Peafowl,Color
Kurt_7MAY22_MSPEC,a1,a1,3.721586033,Random,Peafowl,Color
Kurt_14MAY22_MSPEC,a1,a1,12.89167958,Random,Peafowl,Color
Kurt_30APR22_MSPEC,a1,a1,1.841212754,Random,Peafowl,Color
Shakey_5APR22_MSPEC,a1,a1,2.56683694,Random,Peafowl,Color
Shakey_7MAY22_MSPEC,a1,a1,1.571865046,Random,Peafowl,Color
Shakey_11JUN22_MSPEC,a1,a1,6.890836637,Random,Peafowl,Color
Shakey_12APR22_MSPEC,a1,a1,1.201815161,Random,Peafowl,Color
Shakey_25JUN22_MSPEC,a1,a1,3.224898173,Random,Peafowl,Color
Shania_10JUN22_MSPEC,a1,a1,2.663216934,Random,Peafowl,Color
Ty_4JUN22_MSPEC,a1,a1,8.07567709,Random,Peafowl,Color
UnIDF_2SEP22_R,a1,a1,0.849663998,Random,Peafowl,Color
Willy_4JUN22_MSPEC,a1,a1,2.53734519,Random,Peafowl,Color
Willy_21JUN22_MSPEC,a1,a1,4.449220054,Random,Peafowl,Color
Willy_26APR_MSPEC,a1,a1,1.416941324,Random,Peafowl,Color
Willy_30APR22_MSPEC,a1,a1,4.409488216,Random,Peafowl,Color
Yvette_16APR22_MSPEC,a1,a1,0.609833692,Random,Peafowl,Color
Yvette_23APR_MSPEC,a1,a1,1.381476903,Random,Peafowl,Color
Zoe_11JUN22_MSPEC,a1,a1,5.080258381,Random,Peafowl,Color
Zoe_12APR_MSPEC,a1,a1,2.773713975,Random,Peafowl,Color
Alice_21JUN22_MSPEC,a1,b1,0.711258808,Selected,Peafowl,Luminance
Alice_26APR_MSPEC,a1,b1,3.090978569,Selected,Peafowl,Luminance
Alice_4JUN22_MSPEC,a1,b1,15.52439573,Selected,Peafowl,Luminance
Bowie_30APR_MSPEC,a1,b1,2.585682028,Selected,Peafowl,Luminance
CATEST19_14JUN22_MSPEC,a1,b1,7.990395658,Selected,Peafowl,Luminance
Dusty_13AUG22,a1,b1,0.202944818,Selected,Peafowl,Luminance
Dusty_14JUN22_MSPEC,a1,b1,8.087258734,Selected,Peafowl,Luminance
Dusty_30APR_MSPEC,a1,b1,8.289185094,Selected,Peafowl,Luminance
ElCoco_10JUL22_MSPEC,a1,b1,3.585188444,Selected,Peafowl,Luminance
ElCoco_10JUN22_MSPEC,a1,b1,4.219365367,Selected,Peafowl,Luminance
Elcoco_14MAY22_MSPEC,a1,b1,6.674495339,Selected,Peafowl,Luminance
ElCoco_19SEP22,a1,b1,3.233846293,Selected,Peafowl,Luminance
ElCoco_2SEP22,a1,b1,2.921055654,Selected,Peafowl,Luminance
ElCoco_6MAY22_MSPEC,a1,b1,0.445823671,Selected,Peafowl,Luminance
Eliane_12APR_MSPEC,a1,b1,6.924092989,Selected,Peafowl,Luminance
Eliane_19APR_MSPEC,a1,b1,2.258809594,Selected,Peafowl,Luminance
Gibbard_23APR_MSPEC,a1,b1,10.18884273,Selected,Peafowl,Luminance
Gibbard_30APR_MSPEC,a1,b1,4.90362434,Selected,Peafowl,Luminance
Hank_14MAY22_MSPEC,a1,b1,24.97445796,Selected,Peafowl,Luminance
Hank_19MAY22_MSPEC,a1,b1,8.609279166,Selected,Peafowl,Luminance
Hank_30JULY22_MSPEC,a1,b1,0.579177719,Selected,Peafowl,Luminance
Hank_5JUL22_MSPEC,a1,b1,3.318424846,Selected,Peafowl,Luminance
Hank_9JUL22_MSPEC,a1,b1,1.153788959,Selected,Peafowl,Luminance
Kurt_14MAY22_MSPEC,a1,b1,3.734107287,Selected,Peafowl,Luminance
Kurt_30APR22_MSPEC,a1,b1,4.908080145,Selected,Peafowl,Luminance
Kurt_7MAY22_MSPEC,a1,b1,10.55216285,Selected,Peafowl,Luminance
Shakey_11JUN22_MSPEC,a1,b1,4.46619212,Selected,Peafowl,Luminance
Shakey_12APR22_MSPEC,a1,b1,13.86108365,Selected,Peafowl,Luminance
Shakey_25JUN22_MSPEC,a1,b1,17.10011434,Selected,Peafowl,Luminance
Shakey_5APR22_MSPEC,a1,b1,5.032795987,Selected,Peafowl,Luminance
Shakey_7MAY22_MSPEC,a1,b1,2.978176007,Selected,Peafowl,Luminance
Shania_10JUN22_MSPEC,a1,b1,0.161290774,Selected,Peafowl,Luminance
Ty_4JUN22_MSPEC,a1,b1,5.405947857,Selected,Peafowl,Luminance
UnIDF_2SEP22,a1,b1,10.45522351,Selected,Peafowl,Luminance
Willy_21JUN22_MSPEC,a1,b1,1.260484862,Selected,Peafowl,Luminance
Willy_26APR_MSPEC,a1,b1,7.345637659,Selected,Peafowl,Luminance
Willy_30APR22_MSPEC,a1,b1,9.102532035,Selected,Peafowl,Luminance
Willy_4JUN22_MSPEC,a1,b1,8.424103297,Selected,Peafowl,Luminance
Yvette_16APR22_MSPEC,a1,b1,8.305100983,Selected,Peafowl,Luminance
Yvette_23APR_MSPEC,a1,b1,2.439875469,Selected,Peafowl,Luminance
Zoe_11JUN22_MSPEC,a1,b1,1.792771416,Selected,Peafowl,Luminance
Zoe_12APR_MSPEC,a1,b1,15.89775962,Selected,Peafowl,Luminance
Alice_4JUN22_MSPEC,a1,a1,5.027719464,Random,Peafowl,Luminance
Alice_21JUN22_MSPEC,a1,a1,7.287676783,Random,Peafowl,Luminance
Alice_26APR_MSPEC,a1,a1,16.7008887,Random,Peafowl,Luminance
Bowie_30APR_MSPEC,a1,a1,22.47164323,Random,Peafowl,Luminance
CATEST19_14JUN22_MSPEC,a1,a1,4.661696747,Random,Peafowl,Luminance
Dusty_14JUN22_MSPEC,a1,a1,4.153800075,Random,Peafowl,Luminance
Dusty_30APR_MSPEC,a1,a1,7.139011964,Random,Peafowl,Luminance
Dusty_13AUG22_R,a1,a1,0.907721063,Random,Peafowl,Luminance
ElCoco_6MAY22_MSPEC,a1,a1,9.590495416,Random,Peafowl,Luminance
ElCoco_10JUN22_MSPEC,a1,a1,9.297383678,Random,Peafowl,Luminance
Elcoco_14MAY22_MSPEC,a1,a1,6.478603275,Random,Peafowl,Luminance
ELCoco_10JULY_MSPEC,a1,a1,4.916220008,Random,Peafowl,Luminance
ElCoco_19SEP22_R,a1,a1,9.133184592,Random,Peafowl,Luminance
ElCoco_2SEP22_R,a1,a1,2.348922612,Random,Peafowl,Luminance
Eliane_12APR_MSPEC,a1,a1,30.42731588,Random,Peafowl,Luminance
Eliane_19APR_MSPEC,a1,a1,2.2781897,Random,Peafowl,Luminance
Gibbard_23APR_MSPEC,a1,a1,29.08696413,Random,Peafowl,Luminance
Gibbard_30APR_MSPEC,a1,a1,0.596294366,Random,Peafowl,Luminance
Hank_14MAY22_MSPEC,a1,a1,7.888660881,Random,Peafowl,Luminance
Hank_19MAY22_MSPEC,a1,a1,13.50215112,Random,Peafowl,Luminance
Hank_5JUL22_MSPEC,a1,a1,9.100535049,Random,Peafowl,Luminance
Hank_9JUL22_MSPEC,a1,a1,8.256114624,Random,Peafowl,Luminance
Hank_30JULY22_MSPEC,a1,a1,1.574007242,Random,Peafowl,Luminance
Kurt_7MAY22_MSPEC,a1,a1,4.825421672,Random,Peafowl,Luminance
Kurt_14MAY22_MSPEC,a1,a1,34.37461235,Random,Peafowl,Luminance
Kurt_30APR22_MSPEC,a1,a1,13.5802874,Random,Peafowl,Luminance
Shakey_5APR22_MSPEC,a1,a1,6.732727668,Random,Peafowl,Luminance
Shakey_7MAY22_MSPEC,a1,a1,1.093663469,Random,Peafowl,Luminance
Shakey_11JUN22_MSPEC,a1,a1,2.760805489,Random,Peafowl,Luminance
Shakey_12APR22_MSPEC,a1,a1,16.76985251,Random,Peafowl,Luminance
Shakey_25JUN22_MSPEC,a1,a1,18.13492,Random,Peafowl,Luminance
Shania_10JUN22_MSPEC,a1,a1,11.19376835,Random,Peafowl,Luminance
Ty_4JUN22_MSPEC,a1,a1,32.01420586,Random,Peafowl,Luminance
UnIDF_2SEP22_R,a1,a1,1.687544827,Random,Peafowl,Luminance
Willy_4JUN22_MSPEC,a1,a1,1.821764428,Random,Peafowl,Luminance
Willy_21JUN22_MSPEC,a1,a1,6.938940349,Random,Peafowl,Luminance
Willy_26APR_MSPEC,a1,a1,0.107229038,Random,Peafowl,Luminance
Willy_30APR22_MSPEC,a1,a1,24.62711135,Random,Peafowl,Luminance
Yvette_16APR22_MSPEC,a1,a1,3.598209039,Random,Peafowl,Luminance
Yvette_23APR_MSPEC,a1,a1,13.59557986,Random,Peafowl,Luminance
Zoe_11JUN22_MSPEC,a1,a1,11.33937975,Random,Peafowl,Luminance
Zoe_12APR_MSPEC,a1,a1,14.97256017,Random,Peafowl,Luminance
Alice_21JUN22_MSPEC,a1,b1,3.047749024,Selected,BlueTit,Color
Alice_26APR_MSPEC,a1,b1,4.657722165,Selected,BlueTit,Color
Alice_4JUN22_MSPEC,a1,b1,2.615723497,Selected,BlueTit,Color
Bowie_30APR_MSPEC,a1,b1,2.64920439,Selected,BlueTit,Color
CATEST19_14JUN22_MSPEC,a1,b1,1.504075083,Selected,BlueTit,Color
Dusty_13AUG22,a1,b1,1.119895087,Selected,BlueTit,Color
Dusty_14JUN22_MSPEC,a1,b1,1.085080285,Selected,BlueTit,Color
Dusty_30APR_MSPEC,a1,b1,1.339898848,Selected,BlueTit,Color
ElCoco_10JUL22_MSPEC,a1,b1,1.357965763,Selected,BlueTit,Color
ElCoco_10JUN22_MSPEC,a1,b1,3.244549087,Selected,BlueTit,Color
Elcoco_14MAY22_MSPEC,a1,b1,1.843562469,Selected,BlueTit,Color
ElCoco_19SEP22,a1,b1,0.985618337,Selected,BlueTit,Color
ElCoco_2SEP22,a1,b1,1.829885593,Selected,BlueTit,Color
ElCoco_6MAY22_MSPEC,a1,b1,1.57756637,Selected,BlueTit,Color
Eliane_12APR_MSPEC,a1,b1,2.585597098,Selected,BlueTit,Color
Eliane_19APR_MSPEC,a1,b1,4.02608988,Selected,BlueTit,Color
Gibbard_23APR_MSPEC,a1,b1,5.089679935,Selected,BlueTit,Color
Gibbard_30APR_MSPEC,a1,b1,2.526103798,Selected,BlueTit,Color
Hank_14MAY22_MSPEC,a1,b1,12.81963942,Selected,BlueTit,Color
Hank_19MAY22_MSPEC,a1,b1,2.227361633,Selected,BlueTit,Color
Hank_30JULY22_MSPEC,a1,b1,2.061425861,Selected,BlueTit,Color
Hank_5JUL22_MSPEC,a1,b1,1.127346614,Selected,BlueTit,Color
Hank_9JUL22_MSPEC,a1,b1,1.176459521,Selected,BlueTit,Color
Kurt_14MAY22_MSPEC,a1,b1,6.170104187,Selected,BlueTit,Color
Kurt_30APR22_MSPEC,a1,b1,1.428318205,Selected,BlueTit,Color
Kurt_7MAY22_MSPEC,a1,b1,3.918198841,Selected,BlueTit,Color
Shakey_11JUN22_MSPEC,a1,b1,6.438472472,Selected,BlueTit,Color
Shakey_12APR22_MSPEC,a1,b1,5.091708069,Selected,BlueTit,Color
Shakey_25JUN22_MSPEC,a1,b1,7.780841094,Selected,BlueTit,Color
Shakey_5APR22_MSPEC,a1,b1,0.978415789,Selected,BlueTit,Color
Shakey_7MAY22_MSPEC,a1,b1,5.688103248,Selected,BlueTit,Color
Shania_10JUN22_MSPEC,a1,b1,7.165842571,Selected,BlueTit,Color
Ty_4JUN22_MSPEC,a1,b1,3.530779632,Selected,BlueTit,Color
UnIDF_2SEP22,a1,b1,1.322963282,Selected,BlueTit,Color
Willy_21JUN22_MSPEC,a1,b1,1.834042039,Selected,BlueTit,Color
Willy_26APR_MSPEC,a1,b1,1.758292931,Selected,BlueTit,Color
Willy_30APR22_MSPEC,a1,b1,1.413433286,Selected,BlueTit,Color
Willy_4JUN22_MSPEC,a1,b1,2.408902384,Selected,BlueTit,Color
Yvette_16APR22_MSPEC,a1,b1,0.639763523,Selected,BlueTit,Color
Yvette_23APR_MSPEC,a1,b1,1.692381317,Selected,BlueTit,Color
Zoe_11JUN22_MSPEC,a1,b1,4.624680986,Selected,BlueTit,Color
Zoe_12APR_MSPEC,a1,b1,5.16774097,Selected,BlueTit,Color
Alice_21JUN22_MSPEC,a1,b1,0.770589302,Selected,BlueTit,Luminance
Alice_26APR_MSPEC,a1,b1,3.113173217,Selected,BlueTit,Luminance
Alice_4JUN22_MSPEC,a1,b1,15.5082492,Selected,BlueTit,Luminance
Bowie_30APR_MSPEC,a1,b1,2.587278809,Selected,BlueTit,Luminance
CATEST19_14JUN22_MSPEC,a1,b1,7.971370046,Selected,BlueTit,Luminance
Dusty_13AUG22,a1,b1,0.175239878,Selected,BlueTit,Luminance
Dusty_14JUN22_MSPEC,a1,b1,8.217979364,Selected,BlueTit,Luminance
Dusty_30APR_MSPEC,a1,b1,8.216263094,Selected,BlueTit,Luminance
ElCoco_10JUL22_MSPEC,a1,b1,3.673108147,Selected,BlueTit,Luminance
ElCoco_10JUN22_MSPEC,a1,b1,4.102212397,Selected,BlueTit,Luminance
Elcoco_14MAY22_MSPEC,a1,b1,6.668178369,Selected,BlueTit,Luminance
ElCoco_19SEP22,a1,b1,3.226038098,Selected,BlueTit,Luminance
ElCoco_2SEP22,a1,b1,2.811354616,Selected,BlueTit,Luminance
ElCoco_6MAY22_MSPEC,a1,b1,0.3912618,Selected,BlueTit,Luminance
Eliane_12APR_MSPEC,a1,b1,6.831777972,Selected,BlueTit,Luminance
Eliane_19APR_MSPEC,a1,b1,2.278209584,Selected,BlueTit,Luminance
Gibbard_23APR_MSPEC,a1,b1,10.03922593,Selected,BlueTit,Luminance
Gibbard_30APR_MSPEC,a1,b1,4.747269562,Selected,BlueTit,Luminance
Hank_14MAY22_MSPEC,a1,b1,24.79777004,Selected,BlueTit,Luminance
Hank_19MAY22_MSPEC,a1,b1,8.782702684,Selected,BlueTit,Luminance
Hank_30JULY22_MSPEC,a1,b1,0.683750839,Selected,BlueTit,Luminance
Hank_5JUL22_MSPEC,a1,b1,3.248178188,Selected,BlueTit,Luminance
Hank_9JUL22_MSPEC,a1,b1,1.004970548,Selected,BlueTit,Luminance
Kurt_14MAY22_MSPEC,a1,b1,3.678019899,Selected,BlueTit,Luminance
Kurt_30APR22_MSPEC,a1,b1,4.763489308,Selected,BlueTit,Luminance
Kurt_7MAY22_MSPEC,a1,b1,10.45263126,Selected,BlueTit,Luminance
Shakey_11JUN22_MSPEC,a1,b1,4.259246484,Selected,BlueTit,Luminance
Shakey_12APR22_MSPEC,a1,b1,13.66536453,Selected,BlueTit,Luminance
Shakey_25JUN22_MSPEC,a1,b1,17.06919627,Selected,BlueTit,Luminance
Shakey_5APR22_MSPEC,a1,b1,4.928889276,Selected,BlueTit,Luminance
Shakey_7MAY22_MSPEC,a1,b1,2.902107568,Selected,BlueTit,Luminance
Shania_10JUN22_MSPEC,a1,b1,0.328581719,Selected,BlueTit,Luminance
Ty_4JUN22_MSPEC,a1,b1,5.312920263,Selected,BlueTit,Luminance
UnIDF_2SEP22,a1,b1,10.53812394,Selected,BlueTit,Luminance
Willy_21JUN22_MSPEC,a1,b1,1.211442375,Selected,BlueTit,Luminance
Willy_26APR_MSPEC,a1,b1,7.175578357,Selected,BlueTit,Luminance
Willy_30APR22_MSPEC,a1,b1,8.943977824,Selected,BlueTit,Luminance
Willy_4JUN22_MSPEC,a1,b1,8.465610899,Selected,BlueTit,Luminance
Yvette_16APR22_MSPEC,a1,b1,8.333144676,Selected,BlueTit,Luminance
Yvette_23APR_MSPEC,a1,b1,2.443217732,Selected,BlueTit,Luminance
Zoe_11JUN22_MSPEC,a1,b1,1.972296463,Selected,BlueTit,Luminance
Zoe_12APR_MSPEC,a1,b1,15.93864906,Selected,BlueTit,Luminance
Alice_4JUN22_MSPEC,a1,a1,1.381793047,Random,BlueTit,Color
Alice_21JUN22_MSPEC,a1,a1,4.935787057,Random,BlueTit,Color
Alice_26APR_MSPEC,a1,a1,10.09677827,Random,BlueTit,Color
Bowie_30APR_MSPEC,a1,a1,4.240403042,Random,BlueTit,Color
CATEST19_14JUN22_MSPEC,a1,a1,1.707419488,Random,BlueTit,Color
Dusty_14JUN22_MSPEC,a1,a1,3.196595718,Random,BlueTit,Color
Dusty_30APR_MSPEC,a1,a1,0.899627219,Random,BlueTit,Color
Dusty_13AUG22_R,a1,a1,3.922255508,Random,BlueTit,Color
ElCoco_6MAY22_MSPEC,a1,a1,2.09203298,Random,BlueTit,Color
ElCoco_10JUN22_MSPEC,a1,a1,1.412097405,Random,BlueTit,Color
Elcoco_14MAY22_MSPEC,a1,a1,2.968300925,Random,BlueTit,Color
ELCoco_10JULY_MSPEC,a1,a1,2.85287447,Random,BlueTit,Color
ElCoco_19SEP22_R,a1,a1,5.111912676,Random,BlueTit,Color
ElCoco_2SEP22_R,a1,a1,1.022861495,Random,BlueTit,Color
Eliane_12APR_MSPEC,a1,a1,16.03806387,Random,BlueTit,Color
Eliane_19APR_MSPEC,a1,a1,2.223871695,Random,BlueTit,Color
Gibbard_23APR_MSPEC,a1,a1,10.53123211,Random,BlueTit,Color
Gibbard_30APR_MSPEC,a1,a1,1.476872635,Random,BlueTit,Color
Hank_14MAY22_MSPEC,a1,a1,8.664870432,Random,BlueTit,Color
Hank_19MAY22_MSPEC,a1,a1,6.54002982,Random,BlueTit,Color
Hank_5JUL22_MSPEC,a1,a1,1.746013315,Random,BlueTit,Color
Hank_9JUL22_MSPEC,a1,a1,5.422059262,Random,BlueTit,Color
Hank_30JULY22_MSPEC,a1,a1,0.964111083,Random,BlueTit,Color
Kurt_7MAY22_MSPEC,a1,a1,4.382948455,Random,BlueTit,Color
Kurt_14MAY22_MSPEC,a1,a1,18.70384639,Random,BlueTit,Color
Kurt_30APR22_MSPEC,a1,a1,1.153670603,Random,BlueTit,Color
Shakey_5APR22_MSPEC,a1,a1,6.317921038,Random,BlueTit,Color
Shakey_7MAY22_MSPEC,a1,a1,1.665030612,Random,BlueTit,Color
Shakey_11JUN22_MSPEC,a1,a1,7.873557152,Random,BlueTit,Color
Shakey_12APR22_MSPEC,a1,a1,3.475205615,Random,BlueTit,Color
Shakey_25JUN22_MSPEC,a1,a1,3.174064938,Random,BlueTit,Color
Shania_10JUN22_MSPEC,a1,a1,5.631474069,Random,BlueTit,Color
Ty_4JUN22_MSPEC,a1,a1,11.5779519,Random,BlueTit,Color
UnIDF_2SEP22_R,a1,a1,3.036415017,Random,BlueTit,Color
Willy_21JUN22_MSPEC,a1,a1,4.561143311,Random,BlueTit,Color
Willy_26APR_MSPEC,a1,a1,2.182692951,Random,BlueTit,Color
Willy_30APR22_MSPEC,a1,a1,6.657546704,Random,BlueTit,Color
WillyR_04JUNE_MSPEC,a1,a1,3.553379718,Random,BlueTit,Color
Yvette_16APR22_MSPEC,a1,a1,2.699972958,Random,BlueTit,Color
Yvette_23APR_MSPEC,a1,a1,1.661022238,Random,BlueTit,Color
Zoe_11JUN22_MSPEC,a1,a1,8.61327691,Random,BlueTit,Color
Zoe_12APR_MSPEC,a1,a1,1.806501679,Random,BlueTit,Color
Alice_4JUN22_MSPEC,a1,a1,4.887261511,Random,BlueTit,Luminance
Alice_21JUN22_MSPEC,a1,a1,7.467383316,Random,BlueTit,Luminance
Alice_26APR_MSPEC,a1,a1,16.55474173,Random,BlueTit,Luminance
Bowie_30APR_MSPEC,a1,a1,22.48848092,Random,BlueTit,Luminance
CATEST19_14JUN22_MSPEC,a1,a1,4.685183053,Random,BlueTit,Luminance
Dusty_14JUN22_MSPEC,a1,a1,4.150226024,Random,BlueTit,Luminance
Dusty_30APR_MSPEC,a1,a1,7.282924643,Random,BlueTit,Luminance
Dusty_13AUG22_R,a1,a1,0.7447076,Random,BlueTit,Luminance
ElCoco_6MAY22_MSPEC,a1,a1,9.575172729,Random,BlueTit,Luminance
ElCoco_10JUN22_MSPEC,a1,a1,9.418905948,Random,BlueTit,Luminance
Elcoco_14MAY22_MSPEC,a1,a1,6.298160885,Random,BlueTit,Luminance
ELCoco_10JULY_MSPEC,a1,a1,4.866355088,Random,BlueTit,Luminance
ElCoco_19SEP22_R,a1,a1,9.222774442,Random,BlueTit,Luminance
ElCoco_2SEP22_R,a1,a1,2.255817594,Random,BlueTit,Luminance
Eliane_12APR_MSPEC,a1,a1,30.25058667,Random,BlueTit,Luminance
Eliane_19APR_MSPEC,a1,a1,2.170639836,Random,BlueTit,Luminance
Gibbard_23APR_MSPEC,a1,a1,28.53958649,Random,BlueTit,Luminance
Gibbard_30APR_MSPEC,a1,a1,0.548784028,Random,BlueTit,Luminance
Hank_14MAY22_MSPEC,a1,a1,7.868468461,Random,BlueTit,Luminance
Hank_19MAY22_MSPEC,a1,a1,13.23843334,Random,BlueTit,Luminance
Hank_5JUL22_MSPEC,a1,a1,9.211633528,Random,BlueTit,Luminance
Hank_9JUL22_MSPEC,a1,a1,8.002621164,Random,BlueTit,Luminance
Hank_30JULY22_MSPEC,a1,a1,1.733736856,Random,BlueTit,Luminance
Kurt_7MAY22_MSPEC,a1,a1,5.105987611,Random,BlueTit,Luminance
Kurt_14MAY22_MSPEC,a1,a1,33.99602089,Random,BlueTit,Luminance
Kurt_30APR22_MSPEC,a1,a1,13.7488458,Random,BlueTit,Luminance
Shakey_5APR22_MSPEC,a1,a1,6.789274095,Random,BlueTit,Luminance
Shakey_7MAY22_MSPEC,a1,a1,0.799178452,Random,BlueTit,Luminance
Shakey_11JUN22_MSPEC,a1,a1,2.47337004,Random,BlueTit,Luminance
Shakey_12APR22_MSPEC,a1,a1,16.77274522,Random,BlueTit,Luminance
Shakey_25JUN22_MSPEC,a1,a1,18.23697639,Random,BlueTit,Luminance
Shania_10JUN22_MSPEC,a1,a1,11.13530777,Random,BlueTit,Luminance
Ty_4JUN22_MSPEC,a1,a1,31.45454325,Random,BlueTit,Luminance
UnIDF_2SEP22_R,a1,a1,1.596589405,Random,BlueTit,Luminance
Willy_4JUN22_MSPEC,a1,a1,1.916013356,Random,BlueTit,Luminance
Willy_21JUN22_MSPEC,a1,a1,7.043169011,Random,BlueTit,Luminance
Willy_26APR_MSPEC,a1,a1,0.015871025,Random,BlueTit,Luminance
Willy_30APR22_MSPEC,a1,a1,24.47052539,Random,BlueTit,Luminance
Yvette_16APR22_MSPEC,a1,a1,3.658819919,Random,BlueTit,Luminance
Yvette_23APR_MSPEC,a1,a1,13.68226643,Random,BlueTit,Luminance
Zoe_11JUN22_MSPEC,a1,a1,11.04432681,Random,BlueTit,Luminance
Zoe_12APR_MSPEC,a1,a1,15.31465217,Random,BlueTit,Luminance
