Photo,Zone A,Zone B,pattern_energy_diff,Background,Model,Diff100
Alice_21JUN22_MSPEC,a1,b1,0.035465704,Selected,Dog,3.5465704
Alice_26APR_MSPEC,a1,b1,0.107392211,Selected,Dog,10.7392211
Alice_4JUN22_MSPEC,a1,b1,0.04692857,Selected,Dog,4.692857
Bowie_30APR_MSPEC,a1,b1,0.022898958,Selected,Dog,2.2898958
CATEST19_14JUN22_MSPEC,a1,b1,0.014502498,Selected,Dog,1.4502498
Dusty_13AUG22,a1,b1,0.017910188,Selected,Dog,1.7910188
Dusty_14JUN22_MSPEC,a1,b1,0.011617965,Selected,Dog,1.1617965
Dusty_30APR_MSPEC,a1,b1,0.049345383,Selected,Dog,4.9345383
ElCoco_10JUL22_MSPEC,a1,b1,0.014957079,Selected,Dog,1.4957079
ElCoco_10JUN22_MSPEC,a1,b1,0.097956632,Selected,Dog,9.7956632
Elcoco_14MAY22_MSPEC,a1,b1,0.021148176,Selected,Dog,2.1148176
ElCoco_19SEP22,a1,b1,0.010080041,Selected,Dog,1.0080041
ElCoco_2SEP22,a1,b1,0.034217946,Selected,Dog,3.4217946
ElCoco_6MAY22_MSPEC,a1,b1,0.117268436,Selected,Dog,11.7268436
Eliane_12APR_MSPEC,a1,b1,0.127368155,Selected,Dog,12.7368155
Eliane_19APR_MSPEC,a1,b1,0.031566775,Selected,Dog,3.1566775
Gibbard_23APR_MSPEC,a1,b1,0.179756466,Selected,Dog,17.9756466
Gibbard_30APR_MSPEC,a1,b1,0.037069818,Selected,Dog,3.7069818
Hank_14MAY22_MSPEC,a1,b1,0.299398467,Selected,Dog,29.9398467
Hank_19MAY22_MSPEC,a1,b1,0.034589815,Selected,Dog,3.4589815
Hank_30JULY22_MSPEC,a1,b1,0.011801833,Selected,Dog,1.1801833
Hank_5JUL22_MSPEC,a1,b1,0.020339004,Selected,Dog,2.0339004
Hank_9JUL22_MSPEC,a1,b1,0.031754958,Selected,Dog,3.1754958
Kurt_14MAY22_MSPEC,a1,b1,0.028082234,Selected,Dog,2.8082234
Kurt_30APR22_MSPEC,a1,b1,0.035977222,Selected,Dog,3.5977222
Kurt_7MAY22_MSPEC,a1,b1,0.029228976,Selected,Dog,2.9228976
Shakey_11JUN22_MSPEC,a1,b1,0.018248882,Selected,Dog,1.8248882
Shakey_12APR22_MSPEC,a1,b1,0.056536364,Selected,Dog,5.6536364
Shakey_25JUN22_MSPEC,a1,b1,0.045430776,Selected,Dog,4.5430776
Shakey_5APR22_MSPEC,a1,b1,0.017908306,Selected,Dog,1.7908306
Shakey_7MAY22_MSPEC,a1,b1,0.054542454,Selected,Dog,5.4542454
Shania_10JUN22_MSPEC,a1,b1,0.004754771,Selected,Dog,0.4754771
Ty_4JUN22_MSPEC,a1,b1,0.039765537,Selected,Dog,3.9765537
UnIDF_2SEP22,a1,b1,0.02839051,Selected,Dog,2.839051
Willy_21JUN22_MSPEC,a1,b1,0.017403584,Selected,Dog,1.7403584
Willy_26APR_MSPEC,a1,b1,0.011923636,Selected,Dog,1.1923636
Willy_30APR22_MSPEC,a1,b1,0.034617076,Selected,Dog,3.4617076
Willy_4JUN22_MSPEC,a1,b1,0.076645058,Selected,Dog,7.6645058
Yvette_16APR22_MSPEC,a1,b1,0.062580138,Selected,Dog,6.2580138
Yvette_23APR_MSPEC,a1,b1,0.039532594,Selected,Dog,3.9532594
Zoe_11JUN22_MSPEC,a1,b1,0.015213344,Selected,Dog,1.5213344
Zoe_12APR_MSPEC,a1,b1,0.04459109,Selected,Dog,4.459109
AliceR_04JUNE_MSPEC,a1,a1,0.024044343,Random,Dog,2.4044343
AliceR_21JUNE_MSPEC,a1,a1,0.044678842,Random,Dog,4.4678842
AliceR_26APR_MSPEC,a1,a1,0.176330243,Random,Dog,17.6330243
BowieR_30APR_MSPEC,a1,a1,0.072775906,Random,Dog,7.2775906
CATEST19R_14JUNE_MSPEC,a1,a1,0.014516586,Random,Dog,1.4516586
DustyR_14JUNE_MSPEC,a1,a1,0.037220604,Random,Dog,3.7220604
DustyR_30APR_MSPEC,a1,a1,0.029052292,Random,Dog,2.9052292
Dusty_13AUG22,a1,a1,0.007036913,Random,Dog,0.7036913
ElCocoR_06MAY_MSPEC,a1,a1,0.021624937,Random,Dog,2.1624937
ElCocoR_10JUNE_MSPEC,a1,a1,0.11006083,Random,Dog,11.006083
ElCocoR_14MAY_MSPEC,a1,a1,0.047058401,Random,Dog,4.7058401
ElCoco_10JUL22_MSPEC,a1,a1,0.032793004,Random,Dog,3.2793004
ElCoco_19SEP22,a1,a1,0.021730177,Random,Dog,2.1730177
ElCoco_2SEP22,a1,a1,0.030519785,Random,Dog,3.0519785
ElianeR_12APR_MSPEC,a1,a1,0.20865813,Random,Dog,20.865813
ElianeR_19APR_MSPEC,a1,a1,0.018898106,Random,Dog,1.8898106
GibbardR_23APR_MSPEC,a1,a1,0.193824768,Random,Dog,19.3824768
GibbardR_30APR_MSPEC,a1,a1,0.035053488,Random,Dog,3.5053488
HankR_14MAY_MSPEC,a1,a1,0.111704323,Random,Dog,11.1704323
HankR_19MAY_MSPEC,a1,a1,0.041688363,Random,Dog,4.1688363
Hank_05JULY_MSPEC,a1,a1,0.055060969,Random,Dog,5.5060969
Hank_09JULY_MSPEC,a1,a1,0.034759808,Random,Dog,3.4759808
Hank_30JUL22_R,a1,a1,0.039994659,Random,Dog,3.9994659
KurtR_07MAY_MSPEC,a1,a1,0.04229657,Random,Dog,4.229657
KurtR_14MAY_MSPEC,a1,a1,0.159595467,Random,Dog,15.9595467
KurtR_30APRIL_MSPEC,a1,a1,0.021913345,Random,Dog,2.1913345
ShakeyR_05APRIL_MSPEC,a1,a1,0.044271639,Random,Dog,4.4271639
ShakeyR_07MAY_MSPEC,a1,a1,0.076262066,Random,Dog,7.6262066
ShakeyR_11JUNE_MSPEC,a1,a1,0.027638064,Random,Dog,2.7638064
ShakeyR_12APRIL_MSPEC,a1,a1,0.036828651,Random,Dog,3.6828651
ShakeyR_25JUNE_MSPEC,a1,a1,0.053922743,Random,Dog,5.3922743
ShaniaR_10JUNE_MSPEC,a1,a1,0.098369827,Random,Dog,9.8369827
TYR_04JUNE_MSPEC,a1,a1,0.110579967,Random,Dog,11.0579967
UnIDF_2SEP22,a1,a1,0.042436772,Random,Dog,4.2436772
WillyR_04JUNE_MSPEC,a1,a1,0.055680303,Random,Dog,5.5680303
WillyR_21JUNE_MSPEC,a1,a1,0.028289204,Random,Dog,2.8289204
WillyR_26APR_MSPEC,a1,a1,0.018102166,Random,Dog,1.8102166
WillyR_30APRIL_MSPEC,a1,a1,0.052853833,Random,Dog,5.2853833
YvetteR_16APRIL_MSPEC,a1,a1,0.042745769,Random,Dog,4.2745769
YvetteR_23APR_MSPEC,a1,a1,0.039931684,Random,Dog,3.9931684
ZoeR_11JUNE_MSPEC,a1,a1,0.052948228,Random,Dog,5.2948228
ZoeR_12APR_MSPEC,a1,a1,0.062366148,Random,Dog,6.2366148
Alice_21JUN22_MSPEC,a1,b1,0.037352776,Selected,Human,3.7352776
Alice_26APR_MSPEC,a1,b1,0.133184949,Selected,Human,13.3184949
Alice_4JUN22_MSPEC,a1,b1,0.060371773,Selected,Human,6.0371773
Bowie_30APR_MSPEC,a1,b1,0.029054485,Selected,Human,2.9054485
CATEST19_14JUN22_MSPEC,a1,b1,0.01871246,Selected,Human,1.871246
Dusty_13AUG22,a1,b1,0.033350975,Selected,Human,3.3350975
Dusty_14JUN22_MSPEC,a1,b1,0.016417008,Selected,Human,1.6417008
Dusty_30APR_MSPEC,a1,b1,0.073254339,Selected,Human,7.3254339
ElCoco_10JUL22_MSPEC,a1,b1,0.017942818,Selected,Human,1.7942818
ElCoco_10JUN22_MSPEC,a1,b1,0.106423642,Selected,Human,10.6423642
Elcoco_14MAY22_MSPEC,a1,b1,0.040004701,Selected,Human,4.0004701
ElCoco_19SEP22,a1,b1,0.017900564,Selected,Human,1.7900564
ElCoco_2SEP22,a1,b1,0.042814802,Selected,Human,4.2814802
ElCoco_6MAY22_MSPEC,a1,b1,0.13960263,Selected,Human,13.960263
Eliane_12APR_MSPEC,a1,b1,0.354991211,Selected,Human,35.4991211
Eliane_19APR_MSPEC,a1,b1,0.046548952,Selected,Human,4.6548952
Gibbard_23APR_MSPEC,a1,b1,0.690949654,Selected,Human,69.0949654
Gibbard_30APR_MSPEC,a1,b1,0.076858026,Selected,Human,7.6858026
Hank_14MAY22_MSPEC,a1,b1,0.675827949,Selected,Human,67.5827949
Hank_19MAY22_MSPEC,a1,b1,0.045920402,Selected,Human,4.5920402
Hank_30JULY22_MSPEC,a1,b1,0.017262436,Selected,Human,1.7262436
Hank_5JUL22_MSPEC,a1,b1,0.040737283,Selected,Human,4.0737283
Hank_9JUL22_MSPEC,a1,b1,0.069574081,Selected,Human,6.9574081
Kurt_14MAY22_MSPEC,a1,b1,0.056859704,Selected,Human,5.6859704
Kurt_30APR22_MSPEC,a1,b1,0.081535304,Selected,Human,8.1535304
Kurt_7MAY22_MSPEC,a1,b1,0.057200798,Selected,Human,5.7200798
Shakey_11JUN22_MSPEC,a1,b1,0.033704239,Selected,Human,3.3704239
Shakey_12APR22_MSPEC,a1,b1,0.170599216,Selected,Human,17.0599216
Shakey_25JUN22_MSPEC,a1,b1,0.094135331,Selected,Human,9.4135331
Shakey_5APR22_MSPEC,a1,b1,0.023236363,Selected,Human,2.3236363
Shakey_7MAY22_MSPEC,a1,b1,0.145357281,Selected,Human,14.5357281
Shania_10JUN22_MSPEC,a1,b1,0.020615026,Selected,Human,2.0615026
Ty_4JUN22_MSPEC,a1,b1,0.148042917,Selected,Human,14.8042917
UnIDF_2SEP22,a1,b1,0.037408765,Selected,Human,3.7408765
Willy_21JUN22_MSPEC,a1,b1,0.020442948,Selected,Human,2.0442948
Willy_26APR_MSPEC,a1,b1,0.0281286,Selected,Human,2.81286
Willy_30APR22_MSPEC,a1,b1,0.058128099,Selected,Human,5.8128099
Willy_4JUN22_MSPEC,a1,b1,0.204128388,Selected,Human,20.4128388
Yvette_16APR22_MSPEC,a1,b1,0.107289274,Selected,Human,10.7289274
Yvette_23APR_MSPEC,a1,b1,0.060682311,Selected,Human,6.0682311
Zoe_11JUN22_MSPEC,a1,b1,0.01694689,Selected,Human,1.694689
Zoe_12APR_MSPEC,a1,b1,0.120355515,Selected,Human,12.0355515
AliceR_04JUNE_MSPEC,a1,a1,0.042994361,Random,Human,4.2994361
AliceR_21JUNE_MSPEC,a1,a1,0.075892146,Random,Human,7.5892146
AliceR_26APR_MSPEC,a1,a1,0.623133475,Random,Human,62.3133475
BowieR_30APR_MSPEC,a1,a1,0.085434201,Random,Human,8.5434201
CATEST19R_14JUNE_MSPEC,a1,a1,0.021432629,Random,Human,2.1432629
DustyR_14JUNE_MSPEC,a1,a1,0.055396318,Random,Human,5.5396318
DustyR_30APR_MSPEC,a1,a1,0.040935991,Random,Human,4.0935991
Dusty_13AUG22,a1,a1,0.03698618,Random,Human,3.698618
ElCocoR_06MAY_MSPEC,a1,a1,0.023437246,Random,Human,2.3437246
ElCocoR_10JUNE_MSPEC,a1,a1,0.128491175,Random,Human,12.8491175
ElCocoR_14MAY_MSPEC,a1,a1,0.054848031,Random,Human,5.4848031
ElCoco_10JUL22_MSPEC,a1,a1,0.040869323,Random,Human,4.0869323
ElCoco_19SEP22,a1,a1,0.035861384,Random,Human,3.5861384
ElCoco_2SEP22,a1,a1,0.043990167,Random,Human,4.3990167
ElianeR_12APR_MSPEC,a1,a1,0.60747945,Random,Human,60.747945
ElianeR_19APR_MSPEC,a1,a1,0.028648842,Random,Human,2.8648842
GibbardR_23APR_MSPEC,a1,a1,0.740497607,Random,Human,74.0497607
GibbardR_30APR_MSPEC,a1,a1,0.054479031,Random,Human,5.4479031
HankR_14MAY_MSPEC,a1,a1,0.239950618,Random,Human,23.9950618
HankR_19MAY_MSPEC,a1,a1,0.109833519,Random,Human,10.9833519
Hank_05JULY_MSPEC,a1,a1,0.073641712,Random,Human,7.3641712
Hank_09JULY_MSPEC,a1,a1,0.058704163,Random,Human,5.8704163
Hank_30JUL22_R,a1,a1,0.050065051,Random,Human,5.0065051
KurtR_07MAY_MSPEC,a1,a1,0.084758487,Random,Human,8.4758487
KurtR_14MAY_MSPEC,a1,a1,0.408437409,Random,Human,40.8437409
KurtR_30APRIL_MSPEC,a1,a1,0.058006775,Random,Human,5.8006775
ShakeyR_05APRIL_MSPEC,a1,a1,0.095496305,Random,Human,9.5496305
ShakeyR_07MAY_MSPEC,a1,a1,0.181216282,Random,Human,18.1216282
ShakeyR_11JUNE_MSPEC,a1,a1,0.053449267,Random,Human,5.3449267
ShakeyR_12APRIL_MSPEC,a1,a1,0.084684275,Random,Human,8.4684275
ShakeyR_25JUNE_MSPEC,a1,a1,0.105800601,Random,Human,10.5800601
ShaniaR_10JUNE_MSPEC,a1,a1,0.147287609,Random,Human,14.7287609
TYR_04JUNE_MSPEC,a1,a1,0.403121786,Random,Human,40.3121786
UnIDF_2SEP22,a1,a1,0.038621809,Random,Human,3.8621809
WillyR_04JUNE_MSPEC,a1,a1,0.224903916,Random,Human,22.4903916
WillyR_21JUNE_MSPEC,a1,a1,0.039104409,Random,Human,3.9104409
WillyR_26APR_MSPEC,a1,a1,0.033726576,Random,Human,3.3726576
WillyR_30APRIL_MSPEC,a1,a1,0.130308938,Random,Human,13.0308938
YvetteR_16APRIL_MSPEC,a1,a1,0.057755728,Random,Human,5.7755728
YvetteR_23APR_MSPEC,a1,a1,0.064702206,Random,Human,6.4702206
ZoeR_11JUNE_MSPEC,a1,a1,0.087532549,Random,Human,8.7532549
ZoeR_12APR_MSPEC,a1,a1,0.08157461,Random,Human,8.157461
Alice_21JUN22_MSPEC,a1,b1,0.037342135,Selected,Peafowl,3.7342135
Alice_26APR_MSPEC,a1,b1,0.131578678,Selected,Peafowl,13.1578678
Alice_4JUN22_MSPEC,a1,b1,0.060265615,Selected,Peafowl,6.0265615
Bowie_30APR_MSPEC,a1,b1,0.0292437,Selected,Peafowl,2.92437
CATEST19_14JUN22_MSPEC,a1,b1,0.018587365,Selected,Peafowl,1.8587365
Dusty_13AUG22,a1,b1,0.034245414,Selected,Peafowl,3.4245414
Dusty_14JUN22_MSPEC,a1,b1,0.017074898,Selected,Peafowl,1.7074898
Dusty_30APR_MSPEC,a1,b1,0.072952239,Selected,Peafowl,7.2952239
ElCoco_10JUL22_MSPEC,a1,b1,0.01846755,Selected,Peafowl,1.846755
ElCoco_10JUN22_MSPEC,a1,b1,0.10614494,Selected,Peafowl,10.614494
Elcoco_14MAY22_MSPEC,a1,b1,0.041078593,Selected,Peafowl,4.1078593
ElCoco_19SEP22,a1,b1,0.017719776,Selected,Peafowl,1.7719776
ElCoco_2SEP22,a1,b1,0.043235896,Selected,Peafowl,4.3235896
ElCoco_6MAY22_MSPEC,a1,b1,0.139496935,Selected,Peafowl,13.9496935
Eliane_12APR_MSPEC,a1,b1,0.362892178,Selected,Peafowl,36.2892178
Eliane_19APR_MSPEC,a1,b1,0.047002635,Selected,Peafowl,4.7002635
Gibbard_23APR_MSPEC,a1,b1,0.697169172,Selected,Peafowl,69.7169172
Gibbard_30APR_MSPEC,a1,b1,0.079139764,Selected,Peafowl,7.9139764
Hank_14MAY22_MSPEC,a1,b1,0.686641023,Selected,Peafowl,68.6641023
Hank_19MAY22_MSPEC,a1,b1,0.0461585,Selected,Peafowl,4.61585
Hank_30JULY22_MSPEC,a1,b1,0.017759007,Selected,Peafowl,1.7759007
Hank_5JUL22_MSPEC,a1,b1,0.041709293,Selected,Peafowl,4.1709293
Hank_9JUL22_MSPEC,a1,b1,0.071230688,Selected,Peafowl,7.1230688
Kurt_14MAY22_MSPEC,a1,b1,0.057310398,Selected,Peafowl,5.7310398
Kurt_30APR22_MSPEC,a1,b1,0.082625424,Selected,Peafowl,8.2625424
Kurt_7MAY22_MSPEC,a1,b1,0.058200629,Selected,Peafowl,5.8200629
Shakey_11JUN22_MSPEC,a1,b1,0.034180848,Selected,Peafowl,3.4180848
Shakey_12APR22_MSPEC,a1,b1,0.175604951,Selected,Peafowl,17.5604951
Shakey_25JUN22_MSPEC,a1,b1,0.096156117,Selected,Peafowl,9.6156117
Shakey_5APR22_MSPEC,a1,b1,0.023360184,Selected,Peafowl,2.3360184
Shakey_7MAY22_MSPEC,a1,b1,0.147829691,Selected,Peafowl,14.7829691
Shania_10JUN22_MSPEC,a1,b1,0.02193713,Selected,Peafowl,2.193713
Ty_4JUN22_MSPEC,a1,b1,0.151916566,Selected,Peafowl,15.1916566
UnIDF_2SEP22,a1,b1,0.037133036,Selected,Peafowl,3.7133036
Willy_21JUN22_MSPEC,a1,b1,0.020455327,Selected,Peafowl,2.0455327
Willy_26APR_MSPEC,a1,b1,0.028766182,Selected,Peafowl,2.8766182
Willy_30APR22_MSPEC,a1,b1,0.058902719,Selected,Peafowl,5.8902719
Willy_4JUN22_MSPEC,a1,b1,0.207076874,Selected,Peafowl,20.7076874
Yvette_16APR22_MSPEC,a1,b1,0.108256787,Selected,Peafowl,10.8256787
Yvette_23APR_MSPEC,a1,b1,0.061810535,Selected,Peafowl,6.1810535
Zoe_11JUN22_MSPEC,a1,b1,0.017089883,Selected,Peafowl,1.7089883
Zoe_12APR_MSPEC,a1,b1,0.123639172,Selected,Peafowl,12.3639172
AliceR_04JUNE_MSPEC,a1,a1,0.043773544,Random,Peafowl,4.3773544
AliceR_21JUNE_MSPEC,a1,a1,0.076642538,Random,Peafowl,7.6642538
AliceR_26APR_MSPEC,a1,a1,0.63302354,Random,Peafowl,63.302354
BowieR_30APR_MSPEC,a1,a1,0.086405739,Random,Peafowl,8.6405739
CATEST19R_14JUNE_MSPEC,a1,a1,0.021804485,Random,Peafowl,2.1804485
DustyR_14JUNE_MSPEC,a1,a1,0.056452017,Random,Peafowl,5.6452017
DustyR_30APR_MSPEC,a1,a1,0.041056955,Random,Peafowl,4.1056955
Dusty_13AUG22,a1,a1,0.038846377,Random,Peafowl,3.8846377
ElCocoR_06MAY_MSPEC,a1,a1,0.022550196,Random,Peafowl,2.2550196
ElCocoR_10JUNE_MSPEC,a1,a1,0.128313769,Random,Peafowl,12.8313769
ElCocoR_14MAY_MSPEC,a1,a1,0.055356347,Random,Peafowl,5.5356347
ElCoco_10JUL22_MSPEC,a1,a1,0.041442193,Random,Peafowl,4.1442193
ElCoco_19SEP22,a1,a1,0.036309155,Random,Peafowl,3.6309155
ElCoco_2SEP22,a1,a1,0.044880528,Random,Peafowl,4.4880528
ElianeR_12APR_MSPEC,a1,a1,0.62013391,Random,Peafowl,62.013391
ElianeR_19APR_MSPEC,a1,a1,0.029038512,Random,Peafowl,2.9038512
GibbardR_23APR_MSPEC,a1,a1,0.7484925,Random,Peafowl,74.84925
GibbardR_30APR_MSPEC,a1,a1,0.055046957,Random,Peafowl,5.5046957
HankR_14MAY_MSPEC,a1,a1,0.243655416,Random,Peafowl,24.3655416
HankR_19MAY_MSPEC,a1,a1,0.11323135,Random,Peafowl,11.323135
Hank_05JULY_MSPEC,a1,a1,0.074802753,Random,Peafowl,7.4802753
Hank_09JULY_MSPEC,a1,a1,0.059316821,Random,Peafowl,5.9316821
Hank_30JUL22_R,a1,a1,0.050381325,Random,Peafowl,5.0381325
KurtR_07MAY_MSPEC,a1,a1,0.086849104,Random,Peafowl,8.6849104
KurtR_14MAY_MSPEC,a1,a1,0.418918059,Random,Peafowl,41.8918059
KurtR_30APRIL_MSPEC,a1,a1,0.059395802,Random,Peafowl,5.9395802
ShakeyR_05APRIL_MSPEC,a1,a1,0.097904657,Random,Peafowl,9.7904657
ShakeyR_07MAY_MSPEC,a1,a1,0.183874376,Random,Peafowl,18.3874376
ShakeyR_11JUNE_MSPEC,a1,a1,0.055245758,Random,Peafowl,5.5245758
ShakeyR_12APRIL_MSPEC,a1,a1,0.085403481,Random,Peafowl,8.5403481
ShakeyR_25JUNE_MSPEC,a1,a1,0.107042439,Random,Peafowl,10.7042439
Shania_10JUN22_MSPEC,a1,a1,0.148515617,Random,Peafowl,14.8515617
TYR_04JUNE_MSPEC,a1,a1,0.411547457,Random,Peafowl,41.1547457
UnIDF_2SEP22,a1,a1,0.038962553,Random,Peafowl,3.8962553
WillyR_04JUNE_MSPEC,a1,a1,0.229565205,Random,Peafowl,22.9565205
WillyR_21JUNE_MSPEC,a1,a1,0.038587132,Random,Peafowl,3.8587132
WillyR_26APR_MSPEC,a1,a1,0.034269028,Random,Peafowl,3.4269028
WillyR_30APRIL_MSPEC,a1,a1,0.133057319,Random,Peafowl,13.3057319
YvetteR_16APRIL_MSPEC,a1,a1,0.057930899,Random,Peafowl,5.7930899
YvetteR_23APR_MSPEC,a1,a1,0.06584522,Random,Peafowl,6.584522
ZoeR_11JUNE_MSPEC,a1,a1,0.088629766,Random,Peafowl,8.8629766
ZoeR_12APR_MSPEC,a1,a1,0.081183497,Random,Peafowl,8.1183497
Alice_21JUN22_MSPEC,a1,b1,0.037740145,Selected,BlueTit,3.7740145
Alice_26APR_MSPEC,a1,b1,0.129209507,Selected,BlueTit,12.9209507
Alice_4JUN22_MSPEC,a1,b1,0.059957712,Selected,BlueTit,5.9957712
Bowie_30APR_MSPEC,a1,b1,0.029240555,Selected,BlueTit,2.9240555
CATEST19_14JUN22_MSPEC,a1,b1,0.018517303,Selected,BlueTit,1.8517303
Dusty_13AUG22,a1,b1,0.033186682,Selected,BlueTit,3.3186682
Dusty_14JUN22_MSPEC,a1,b1,0.016455012,Selected,BlueTit,1.6455012
Dusty_30APR_MSPEC,a1,b1,0.071771429,Selected,BlueTit,7.1771429
ElCoco_10JUL22_MSPEC,a1,b1,0.01806856,Selected,BlueTit,1.806856
ElCoco_10JUN22_MSPEC,a1,b1,0.10709425,Selected,BlueTit,10.709425
Elcoco_14MAY22_MSPEC,a1,b1,0.040336445,Selected,BlueTit,4.0336445
ElCoco_19SEP22,a1,b1,0.017618576,Selected,BlueTit,1.7618576
ElCoco_2SEP22,a1,b1,0.043061802,Selected,BlueTit,4.3061802
ElCoco_6MAY22_MSPEC,a1,b1,0.139387319,Selected,BlueTit,13.9387319
Eliane_12APR_MSPEC,a1,b1,0.356441778,Selected,BlueTit,35.6441778
Eliane_19APR_MSPEC,a1,b1,0.046541298,Selected,BlueTit,4.6541298
Gibbard_23APR_MSPEC,a1,b1,0.671407478,Selected,BlueTit,67.1407478
Gibbard_30APR_MSPEC,a1,b1,0.077003991,Selected,BlueTit,7.7003991
Hank_14MAY22_MSPEC,a1,b1,0.671163308,Selected,BlueTit,67.1163308
Hank_19MAY22_MSPEC,a1,b1,0.04645572,Selected,BlueTit,4.645572
Hank_30JULY22_MSPEC,a1,b1,0.017674819,Selected,BlueTit,1.7674819
Hank_5JUL22_MSPEC,a1,b1,0.041028626,Selected,BlueTit,4.1028626
Hank_9JUL22_MSPEC,a1,b1,0.070074662,Selected,BlueTit,7.0074662
Kurt_14MAY22_MSPEC,a1,b1,0.05634679,Selected,BlueTit,5.634679
Kurt_30APR22_MSPEC,a1,b1,0.080278404,Selected,BlueTit,8.0278404
Kurt_7MAY22_MSPEC,a1,b1,0.056744516,Selected,BlueTit,5.6744516
Shakey_11JUN22_MSPEC,a1,b1,0.03354895,Selected,BlueTit,3.354895
Shakey_12APR22_MSPEC,a1,b1,0.170289609,Selected,BlueTit,17.0289609
Shakey_25JUN22_MSPEC,a1,b1,0.094819498,Selected,BlueTit,9.4819498
Shakey_5APR22_MSPEC,a1,b1,0.022935723,Selected,BlueTit,2.2935723
Shakey_7MAY22_MSPEC,a1,b1,0.142989392,Selected,BlueTit,14.2989392
Shania_10JUN22_MSPEC,a1,b1,0.020846478,Selected,BlueTit,2.0846478
Ty_4JUN22_MSPEC,a1,b1,0.146594719,Selected,BlueTit,14.6594719
UnIDF_2SEP22,a1,b1,0.037722893,Selected,BlueTit,3.7722893
Willy_21JUN22_MSPEC,a1,b1,0.02042468,Selected,BlueTit,2.042468
Willy_26APR_MSPEC,a1,b1,0.028074064,Selected,BlueTit,2.8074064
Willy_30APR22_MSPEC,a1,b1,0.05798003,Selected,BlueTit,5.798003
Willy_4JUN22_MSPEC,a1,b1,0.200982715,Selected,BlueTit,20.0982715
Yvette_16APR22_MSPEC,a1,b1,0.107133578,Selected,BlueTit,10.7133578
Yvette_23APR_MSPEC,a1,b1,0.060969331,Selected,BlueTit,6.0969331
Zoe_11JUN22_MSPEC,a1,b1,0.01698586,Selected,BlueTit,1.698586
Zoe_12APR_MSPEC,a1,b1,0.122121654,Selected,BlueTit,12.2121654
AliceR_04JUNE_MSPEC,a1,a1,0.043378789,Random,BlueTit,4.3378789
AliceR_21JUNE_MSPEC,a1,a1,0.075786651,Random,BlueTit,7.5786651
AliceR_26APR_MSPEC,a1,a1,0.611574147,Random,BlueTit,61.1574147
BowieR_30APR_MSPEC,a1,a1,0.086876064,Random,BlueTit,8.6876064
CATEST19R_14JUNE_MSPEC,a1,a1,0.021430247,Random,BlueTit,2.1430247
DustyR_14JUNE_MSPEC,a1,a1,0.055600484,Random,BlueTit,5.5600484
DustyR_30APR_MSPEC,a1,a1,0.041252921,Random,BlueTit,4.1252921
Dusty_13AUG22,a1,a1,0.037555889,Random,BlueTit,3.7555889
ElCocoR_06MAY_MSPEC,a1,a1,0.02289545,Random,BlueTit,2.289545
ElCocoR_10JUNE_MSPEC,a1,a1,0.129745158,Random,BlueTit,12.9745158
ElCocoR_14MAY_MSPEC,a1,a1,0.055884855,Random,BlueTit,5.5884855
ElCoco_10JUL22_MSPEC,a1,a1,0.040982281,Random,BlueTit,4.0982281
ElCoco_19SEP22,a1,a1,0.036175604,Random,BlueTit,3.6175604
ElCoco_2SEP22,a1,a1,0.045041356,Random,BlueTit,4.5041356
ElianeR_12APR_MSPEC,a1,a1,0.604771099,Random,BlueTit,60.4771099
ElianeR_19APR_MSPEC,a1,a1,0.029031888,Random,BlueTit,2.9031888
GibbardR_23APR_MSPEC,a1,a1,0.719870768,Random,BlueTit,71.9870768
GibbardR_30APR_MSPEC,a1,a1,0.054819037,Random,BlueTit,5.4819037
HankR_14MAY_MSPEC,a1,a1,0.238046316,Random,BlueTit,23.8046316
HankR_19MAY_MSPEC,a1,a1,0.109388304,Random,BlueTit,10.9388304
Hank_05JULY_MSPEC,a1,a1,0.074109497,Random,BlueTit,7.4109497
Hank_09JULY_MSPEC,a1,a1,0.058374083,Random,BlueTit,5.8374083
Hank_30JUL22_R,a1,a1,0.050978656,Random,BlueTit,5.0978656
KurtR_07MAY_MSPEC,a1,a1,0.08646997,Random,BlueTit,8.646997
KurtR_14MAY_MSPEC,a1,a1,0.412032539,Random,BlueTit,41.2032539
KurtR_30APRIL_MSPEC,a1,a1,0.057948277,Random,BlueTit,5.7948277
ShakeyR_05APRIL_MSPEC,a1,a1,0.096661584,Random,BlueTit,9.6661584
ShakeyR_07MAY_MSPEC,a1,a1,0.179426905,Random,BlueTit,17.9426905
ShakeyR_11JUNE_MSPEC,a1,a1,0.05384904,Random,BlueTit,5.384904
ShakeyR_12APRIL_MSPEC,a1,a1,0.084870721,Random,BlueTit,8.4870721
ShakeyR_25JUNE_MSPEC,a1,a1,0.106014571,Random,BlueTit,10.6014571
ShaniaR_10JUNE_MSPEC,a1,a1,0.1476875,Random,BlueTit,14.76875
TYR_04JUNE_MSPEC,a1,a1,0.396029167,Random,BlueTit,39.6029167
UnIDF_2SEP22,a1,a1,0.039157587,Random,BlueTit,3.9157587
WillyR_04JUNE_MSPEC,a1,a1,0.22255383,Random,BlueTit,22.255383
WillyR_21JUNE_MSPEC,a1,a1,0.038599033,Random,BlueTit,3.8599033
WillyR_26APR_MSPEC,a1,a1,0.033963519,Random,BlueTit,3.3963519
WillyR_30APRIL_MSPEC,a1,a1,0.129675746,Random,BlueTit,12.9675746
YvetteR_16APRIL_MSPEC,a1,a1,0.057645843,Random,BlueTit,5.7645843
YvetteR_23APR_MSPEC,a1,a1,0.064718504,Random,BlueTit,6.4718504
ZoeR_11JUNE_MSPEC,a1,a1,0.087435022,Random,BlueTit,8.7435022
Zoe_12APR_MSPEC,a1,a1,0.081849079,Random,BlueTit,8.1849079
